{
  "template_id": "H5_M0_C0",
  "stage": "self",
  "profile_id": "HARD_2M2W1S",
  "draw_id": 3694,
  "metrics_file": "rolling\\draw_metrics\\draw_metrics_3693.json",
  "runtime_mode": "MODE_B",
  "quota": 9,
  "cover_tickets": 0,
  "generated": 9,
  "tickets": [
    [
      1,
      18,
      22,
      27,
      31
    ],
    [
      9,
      22,
      27,
      31,
      34
    ],
    [
      2,
      9,
      22,
      27,
      31
    ],
    [
      9,
      22,
      27,
      34,
      45
    ],
    [
      2,
      9,
      22,
      27,
      45
    ],
    [
      9,
      22,
      27,
      31,
      45
    ],
    [
      9,
      22,
      27,
      31,
      41
    ],
    [
      5,
      9,
      12,
      22,
      27
    ],
    [
      9,
      10,
      22,
      27,
      31
    ]
  ],
  "detector": {
    "mode": "MODE_B",
    "mode_scores": {
      "MODE_A": 1.0010559161534853,
      "MODE_B": 2.2600685587356866,
      "MODE_C": 1.4394137909573397
    },
    "mode_weights": {
      "MODE_A": 5.891465581554678e-10,
      "MODE_B": 0.7417429656406707,
      "MODE_C": 0.25825703377018283
    },
    "confidence": 0.8206547677783469,
    "winner_margin": 0.8206547677783469,
    "cover_plan": [
      "topology_core",
      "topology_core",
      "triad_closure",
      "dense_bridge"
    ],
    "features": {
      "top_k": 20,
      "anchor_mass": 0.29144497104297984,
      "peak_ratio": 1.699331743994235,
      "next_mean": 0.5093184626564867,
      "entropy_mean": 1.121336583246995,
      "entropy_inverse": 0.471400911999247,
      "density_mean": 0.7486111156642437,
      "coef_mean": 0.8785000000000001,
      "component_1_size": 14,
      "component_2_size": 1,
      "component_balance": 0.07142857142857142,
      "cross_ratio": 0.08015013106103706,
      "dominant_groups_differ": true,
      "dominant_group_1": "stable.stable_medium",
      "dominant_group_2": "stable.stable_strong",
      "fresh_m": 3,
      "due_m": 4,
      "tail_w": 3,
      "hotlowp_w": 1,
      "split_hint_c": false,
      "strong_edge_thr": 0.7034895876647169
    },
    "guards": {
      "guard_A": false,
      "guard_B": false,
      "guard_C": false,
      "split_hint_C": false
    },
    "triggered_rule": "argmax_scores",
    "resolver_path": [
      "raw_scores",
      "resolver_argmax"
    ]
  },
  "profile_meta": {
    "quota": 9,
    "runtime_mode": "MODE_B",
    "skipped": false,
    "reason": null
  }
}