{
  "template_id": "H5_M0_C0",
  "stage": "self",
  "profile_id": "HARD_2M2W1S",
  "draw_id": 3706,
  "metrics_file": "rolling\\draw_metrics\\draw_metrics_3705.json",
  "runtime_mode": "MODE_B",
  "quota": 9,
  "cover_tickets": 0,
  "generated": 9,
  "tickets": [
    [
      2,
      8,
      19,
      30,
      40
    ],
    [
      1,
      2,
      23,
      30,
      40
    ],
    [
      4,
      5,
      11,
      12,
      30
    ],
    [
      2,
      23,
      31,
      39,
      40
    ],
    [
      1,
      23,
      31,
      40,
      41
    ],
    [
      1,
      2,
      23,
      40,
      44
    ],
    [
      1,
      2,
      23,
      39,
      40
    ],
    [
      1,
      2,
      23,
      35,
      40
    ],
    [
      1,
      2,
      17,
      23,
      40
    ]
  ],
  "detector": {
    "mode": "MODE_B",
    "mode_scores": {
      "MODE_A": 0.8869635311861259,
      "MODE_B": 1.9797422685120465,
      "MODE_C": 1.8783485982953751
    },
    "mode_weights": {
      "MODE_A": 4.798087350104346e-10,
      "MODE_B": 0.5243247840824588,
      "MODE_C": 0.47567521543773245
    },
    "confidence": 0.10139367021667134,
    "winner_margin": 0.10139367021667134,
    "cover_plan": [
      "topology_core",
      "topology_core",
      "triad_closure",
      "dense_bridge"
    ],
    "features": {
      "top_k": 20,
      "anchor_mass": 0.22748548609715796,
      "peak_ratio": 1.2810786577987454,
      "next_mean": 0.5247952906840859,
      "entropy_mean": 1.1052797757272592,
      "entropy_inverse": 0.47499625063113265,
      "density_mean": 0.7350000083446503,
      "coef_mean": 0.858,
      "component_1_size": 11,
      "component_2_size": 6,
      "component_balance": 0.5454545454545454,
      "cross_ratio": 0.41823943019488075,
      "dominant_groups_differ": true,
      "dominant_group_1": "stable.stable_strong",
      "dominant_group_2": "stable.stable_weak",
      "fresh_m": 2,
      "due_m": 4,
      "tail_w": 3,
      "hotlowp_w": 0,
      "split_hint_c": false,
      "strong_edge_thr": 0.6182599969179748
    },
    "guards": {
      "guard_A": false,
      "guard_B": false,
      "guard_C": false,
      "split_hint_C": false
    },
    "triggered_rule": "argmax_scores",
    "resolver_path": [
      "raw_scores",
      "resolver_argmax"
    ]
  },
  "profile_meta": {
    "quota": 9,
    "runtime_mode": "MODE_B",
    "skipped": false,
    "reason": null
  }
}