{
  "template_id": "H5_M0_C0",
  "stage": "self",
  "profile_id": "HARD_2M2W1S",
  "draw_id": 3751,
  "metrics_file": "rolling\\draw_metrics\\draw_metrics_3750.json",
  "runtime_mode": "MODE_B",
  "quota": 9,
  "cover_tickets": 0,
  "generated": 9,
  "tickets": [
    [
      4,
      33,
      39,
      41,
      43
    ],
    [
      21,
      25,
      39,
      41,
      43
    ],
    [
      25,
      33,
      39,
      41,
      43
    ],
    [
      15,
      25,
      27,
      31,
      35
    ],
    [
      23,
      25,
      27,
      31,
      34
    ],
    [
      10,
      11,
      23,
      31,
      34
    ],
    [
      4,
      34,
      39,
      41,
      43
    ],
    [
      11,
      23,
      27,
      31,
      34
    ],
    [
      21,
      25,
      38,
      39,
      41
    ]
  ],
  "detector": {
    "mode": "MODE_B",
    "mode_scores": {
      "MODE_A": 0.8087976280572223,
      "MODE_B": 2.20886935517713,
      "MODE_C": 1.4896580977064768
    },
    "mode_weights": {
      "MODE_A": 4.80553859520714e-10,
      "MODE_B": 0.6728098725538572,
      "MODE_C": 0.32719012696558897
    },
    "confidence": 0.7192112574706531,
    "winner_margin": 0.7192112574706531,
    "cover_plan": [
      "topology_core",
      "topology_core",
      "triad_closure",
      "dense_bridge"
    ],
    "features": {
      "top_k": 20,
      "anchor_mass": 0.21608449578227057,
      "peak_ratio": 1.19923570861467,
      "next_mean": 0.47376002554290875,
      "entropy_mean": 1.188061755156221,
      "entropy_inverse": 0.457025491919264,
      "density_mean": 0.7394444525241852,
      "coef_mean": 0.8925000000000001,
      "component_1_size": 12,
      "component_2_size": 1,
      "component_balance": 0.08333333333333333,
      "cross_ratio": 0.05905577996208566,
      "dominant_groups_differ": true,
      "dominant_group_1": "stable.stable_strong",
      "dominant_group_2": "stable.stable_weak",
      "fresh_m": 2,
      "due_m": 2,
      "tail_w": 3,
      "hotlowp_w": 1,
      "split_hint_c": false,
      "strong_edge_thr": 0.638337540148975
    },
    "guards": {
      "guard_A": false,
      "guard_B": false,
      "guard_C": false,
      "split_hint_C": false
    },
    "triggered_rule": "argmax_scores",
    "resolver_path": [
      "raw_scores",
      "resolver_argmax"
    ]
  },
  "profile_meta": {
    "quota": 9,
    "runtime_mode": "MODE_B",
    "skipped": false,
    "reason": null
  }
}