{
  "template_id": "H5_M0_C0",
  "stage": "self",
  "profile_id": "HARD_2M2W1S",
  "draw_id": 3741,
  "metrics_file": "rolling\\draw_metrics\\draw_metrics_3740.json",
  "runtime_mode": "MODE_B",
  "quota": 9,
  "cover_tickets": 0,
  "generated": 9,
  "tickets": [
    [
      11,
      13,
      23,
      31,
      43
    ],
    [
      11,
      13,
      17,
      23,
      31
    ],
    [
      10,
      11,
      13,
      31,
      43
    ],
    [
      11,
      13,
      17,
      23,
      43
    ],
    [
      10,
      13,
      17,
      23,
      31
    ],
    [
      10,
      11,
      13,
      17,
      31
    ],
    [
      10,
      11,
      13,
      17,
      43
    ],
    [
      10,
      13,
      23,
      31,
      43
    ],
    [
      11,
      13,
      30,
      31,
      43
    ]
  ],
  "detector": {
    "mode": "MODE_B",
    "mode_scores": {
      "MODE_A": 0.8512012420558169,
      "MODE_B": 2.3557948724403466,
      "MODE_C": 0.9587815265401011
    },
    "mode_weights": {
      "MODE_A": 6.202804727928691e-10,
      "MODE_B": 0.9332700490363359,
      "MODE_C": 0.0667299503433836
    },
    "confidence": 1.3970133459002456,
    "winner_margin": 1.3970133459002456,
    "cover_plan": [
      "topology_core",
      "topology_core",
      "triad_closure",
      "dense_bridge"
    ],
    "features": {
      "top_k": 20,
      "anchor_mass": 0.21823631412227415,
      "peak_ratio": 1.304615911326963,
      "next_mean": 0.5159608662593372,
      "entropy_mean": 1.1160690210122066,
      "entropy_inverse": 0.4725743773337115,
      "density_mean": 0.7752777859568596,
      "coef_mean": 0.8779999999999999,
      "component_1_size": 16,
      "component_2_size": 1,
      "component_balance": 0.0625,
      "cross_ratio": 0.08568426043799919,
      "dominant_groups_differ": false,
      "dominant_group_1": "stable.stable_weak",
      "dominant_group_2": "stable.stable_weak",
      "fresh_m": 1,
      "due_m": 3,
      "tail_w": 8,
      "hotlowp_w": 1,
      "split_hint_c": false,
      "strong_edge_thr": 0.5274946779350876
    },
    "guards": {
      "guard_A": false,
      "guard_B": false,
      "guard_C": false,
      "split_hint_C": false
    },
    "triggered_rule": "argmax_scores",
    "resolver_path": [
      "raw_scores",
      "resolver_argmax"
    ]
  },
  "profile_meta": {
    "quota": 9,
    "runtime_mode": "MODE_B",
    "skipped": false,
    "reason": null
  }
}