{
  "template_id": "H5_M0_C0",
  "stage": "self",
  "profile_id": "HARD_2M2W1S",
  "draw_id": 3838,
  "metrics_file": "rolling\\draw_metrics\\draw_metrics_3837.json",
  "runtime_mode": "MODE_B",
  "quota": 9,
  "cover_tickets": 0,
  "generated": 9,
  "tickets": [
    [
      11,
      23,
      34,
      36,
      37
    ],
    [
      11,
      23,
      34,
      37,
      40
    ],
    [
      8,
      11,
      23,
      37,
      40
    ],
    [
      8,
      11,
      23,
      36,
      37
    ],
    [
      11,
      23,
      36,
      37,
      41
    ],
    [
      11,
      16,
      23,
      34,
      36
    ],
    [
      11,
      23,
      31,
      34,
      37
    ],
    [
      16,
      20,
      22,
      31,
      34
    ],
    [
      11,
      18,
      23,
      36,
      37
    ]
  ],
  "detector": {
    "mode": "MODE_B",
    "mode_scores": {
      "MODE_A": 0.7891527436200698,
      "MODE_B": 2.385242688503542,
      "MODE_C": 1.4680977520796157
    },
    "mode_weights": {
      "MODE_A": 4.3955368563102866e-10,
      "MODE_B": 0.7015672183117093,
      "MODE_C": 0.29843278124873696
    },
    "confidence": 0.9171449364239264,
    "winner_margin": 0.9171449364239264,
    "cover_plan": [
      "topology_core",
      "topology_core",
      "triad_closure",
      "dense_bridge"
    ],
    "features": {
      "top_k": 20,
      "anchor_mass": 0.20134679451432583,
      "peak_ratio": 1.2238437325584102,
      "next_mean": 0.5192004376174661,
      "entropy_mean": 1.1233679189011379,
      "entropy_inverse": 0.47094994282362007,
      "density_mean": 0.8122222229838372,
      "coef_mean": 0.8795,
      "component_1_size": 16,
      "component_2_size": 2,
      "component_balance": 0.125,
      "cross_ratio": 0.142287855162271,
      "dominant_groups_differ": true,
      "dominant_group_1": "stable.stable_strong",
      "dominant_group_2": "stable.stable_weak",
      "fresh_m": 1,
      "due_m": 2,
      "tail_w": 9,
      "hotlowp_w": 1,
      "split_hint_c": false,
      "strong_edge_thr": 0.5282307978926081
    },
    "guards": {
      "guard_A": false,
      "guard_B": false,
      "guard_C": false,
      "split_hint_C": false
    },
    "triggered_rule": "argmax_scores",
    "resolver_path": [
      "raw_scores",
      "resolver_argmax"
    ]
  },
  "profile_meta": {
    "quota": 9,
    "runtime_mode": "MODE_B",
    "skipped": false,
    "reason": null
  }
}