{
  "template_id": "H5_M0_C0",
  "stage": "self",
  "profile_id": "HARD_2M2W1S",
  "draw_id": 3856,
  "metrics_file": "rolling\\draw_metrics\\draw_metrics_3855.json",
  "runtime_mode": "MODE_B",
  "quota": 9,
  "cover_tickets": 0,
  "generated": 9,
  "tickets": [
    [
      17,
      27,
      31,
      36,
      43
    ],
    [
      8,
      11,
      13,
      17,
      29
    ],
    [
      8,
      11,
      31,
      42,
      45
    ],
    [
      8,
      11,
      30,
      42,
      45
    ],
    [
      5,
      8,
      11,
      43,
      45
    ],
    [
      5,
      8,
      10,
      13,
      27
    ],
    [
      8,
      11,
      13,
      42,
      45
    ],
    [
      8,
      11,
      13,
      31,
      45
    ],
    [
      8,
      11,
      13,
      31,
      42
    ]
  ],
  "detector": {
    "mode": "MODE_B",
    "mode_scores": {
      "MODE_A": 0.9126537461457535,
      "MODE_B": 2.4515824863151674,
      "MODE_C": 1.4356508044269933
    },
    "mode_weights": {
      "MODE_A": 4.849835039148629e-10,
      "MODE_B": 0.7463550531676316,
      "MODE_C": 0.253644946347385
    },
    "confidence": 1.015931681888174,
    "winner_margin": 1.015931681888174,
    "cover_plan": [
      "topology_core",
      "topology_core",
      "triad_closure",
      "dense_bridge"
    ],
    "features": {
      "top_k": 20,
      "anchor_mass": 0.2918578356883569,
      "peak_ratio": 1.5580959385424482,
      "next_mean": 0.49308599188188007,
      "entropy_mean": 1.17751441673202,
      "entropy_inverse": 0.4592392097687163,
      "density_mean": 0.8274999991059303,
      "coef_mean": 0.8875,
      "component_1_size": 16,
      "component_2_size": 1,
      "component_balance": 0.0625,
      "cross_ratio": 0.06009447197429227,
      "dominant_groups_differ": true,
      "dominant_group_1": "stable.stable_strong",
      "dominant_group_2": "stable.stable_weak",
      "fresh_m": 0,
      "due_m": 1,
      "tail_w": 8,
      "hotlowp_w": 1,
      "split_hint_c": false,
      "strong_edge_thr": 0.6497940449610059
    },
    "guards": {
      "guard_A": false,
      "guard_B": false,
      "guard_C": false,
      "split_hint_C": false
    },
    "triggered_rule": "argmax_scores",
    "resolver_path": [
      "raw_scores",
      "resolver_argmax"
    ]
  },
  "profile_meta": {
    "quota": 9,
    "runtime_mode": "MODE_B",
    "skipped": false,
    "reason": null
  }
}