{
  "template_id": "H5_M0_C0",
  "stage": "self",
  "profile_id": "HARD_2M2W1S",
  "draw_id": 3884,
  "metrics_file": "rolling\\draw_metrics\\draw_metrics_3883.json",
  "runtime_mode": "MODE_B",
  "quota": 9,
  "cover_tickets": 0,
  "generated": 9,
  "tickets": [
    [
      4,
      19,
      21,
      39,
      44
    ],
    [
      3,
      5,
      19,
      21,
      44
    ],
    [
      3,
      5,
      19,
      37,
      44
    ],
    [
      3,
      5,
      19,
      34,
      44
    ],
    [
      3,
      5,
      7,
      19,
      44
    ],
    [
      3,
      5,
      19,
      44,
      45
    ],
    [
      3,
      5,
      19,
      39,
      44
    ],
    [
      3,
      5,
      19,
      32,
      44
    ],
    [
      5,
      19,
      32,
      43,
      44
    ]
  ],
  "detector": {
    "mode": "MODE_B",
    "mode_scores": {
      "MODE_A": 0.9371550220950187,
      "MODE_B": 2.323210070084134,
      "MODE_C": 1.4868311094309672
    },
    "mode_weights": {
      "MODE_A": 5.166006684509261e-10,
      "MODE_B": 0.7160369648175581,
      "MODE_C": 0.2839630346658413
    },
    "confidence": 0.8363789606531669,
    "winner_margin": 0.8363789606531669,
    "cover_plan": [
      "topology_core",
      "topology_core",
      "triad_closure",
      "dense_bridge"
    ],
    "features": {
      "top_k": 20,
      "anchor_mass": 0.32134084745647257,
      "peak_ratio": 1.6316498256786525,
      "next_mean": 0.4679981057284156,
      "entropy_mean": 1.180917373794744,
      "entropy_inverse": 0.45852264373501866,
      "density_mean": 0.8202777802944183,
      "coef_mean": 0.9145,
      "component_1_size": 13,
      "component_2_size": 2,
      "component_balance": 0.15384615384615385,
      "cross_ratio": 0.17609491409504963,
      "dominant_groups_differ": true,
      "dominant_group_1": "stable.stable_medium",
      "dominant_group_2": "stable.stable_weak",
      "fresh_m": 1,
      "due_m": 5,
      "tail_w": 6,
      "hotlowp_w": 2,
      "split_hint_c": false,
      "strong_edge_thr": 0.6150901925788382
    },
    "guards": {
      "guard_A": false,
      "guard_B": false,
      "guard_C": false,
      "split_hint_C": false
    },
    "triggered_rule": "argmax_scores",
    "resolver_path": [
      "raw_scores",
      "resolver_argmax"
    ]
  },
  "profile_meta": {
    "quota": 9,
    "runtime_mode": "MODE_B",
    "skipped": false,
    "reason": null
  }
}