{
  "template_id": "H5_M0_C0",
  "stage": "self",
  "profile_id": "HARD_2M2W1S",
  "draw_id": 4093,
  "metrics_file": "rolling\\draw_metrics\\draw_metrics_4092.json",
  "runtime_mode": "MODE_B",
  "quota": 9,
  "cover_tickets": 0,
  "generated": 9,
  "tickets": [
    [
      23,
      30,
      36,
      37,
      39
    ],
    [
      4,
      32,
      35,
      41,
      44
    ],
    [
      4,
      11,
      17,
      37,
      44
    ],
    [
      27,
      31,
      39,
      42,
      44
    ],
    [
      20,
      31,
      39,
      42,
      44
    ],
    [
      20,
      31,
      33,
      35,
      44
    ],
    [
      15,
      22,
      31,
      35,
      44
    ],
    [
      10,
      27,
      41,
      42,
      44
    ],
    [
      10,
      27,
      35,
      42,
      44
    ]
  ],
  "detector": {
    "mode": "MODE_B",
    "mode_scores": {
      "MODE_A": 0.8577851760243331,
      "MODE_B": 2.418515705209152,
      "MODE_C": 1.094062570685723
    },
    "mode_weights": {
      "MODE_A": 5.564805725453996e-10,
      "MODE_B": 0.8685162190263332,
      "MODE_C": 0.13148378041718617
    },
    "confidence": 1.3244531345234292,
    "winner_margin": 1.3244531345234292,
    "cover_plan": [
      "topology_core",
      "topology_core",
      "triad_closure",
      "dense_bridge"
    ],
    "features": {
      "top_k": 20,
      "anchor_mass": 0.28224111748249875,
      "peak_ratio": 1.727246871172178,
      "next_mean": 0.5091748279651526,
      "entropy_mean": 1.1235638936142618,
      "entropy_inverse": 0.4709064808490508,
      "density_mean": 0.9088888891041279,
      "coef_mean": 0.8939999999999999,
      "component_1_size": 12,
      "component_2_size": 2,
      "component_balance": 0.16666666666666666,
      "cross_ratio": 0.14216263109296232,
      "dominant_groups_differ": false,
      "dominant_group_1": "stable.stable_weak",
      "dominant_group_2": "stable.stable_weak",
      "fresh_m": 1,
      "due_m": 2,
      "tail_w": 9,
      "hotlowp_w": 3,
      "split_hint_c": false,
      "strong_edge_thr": 0.7295479581712159
    },
    "guards": {
      "guard_A": false,
      "guard_B": false,
      "guard_C": false,
      "split_hint_C": false
    },
    "triggered_rule": "argmax_scores",
    "resolver_path": [
      "raw_scores",
      "resolver_argmax"
    ]
  },
  "profile_meta": {
    "quota": 9,
    "runtime_mode": "MODE_B",
    "skipped": false,
    "reason": null
  }
}