{
  "template_id": "H5_M0_C0",
  "stage": "self",
  "profile_id": "HARD_2M2W1S",
  "draw_id": 4051,
  "metrics_file": "rolling\\draw_metrics\\draw_metrics_4050.json",
  "runtime_mode": "MODE_B",
  "quota": 9,
  "cover_tickets": 0,
  "generated": 9,
  "tickets": [
    [
      4,
      19,
      22,
      28,
      35
    ],
    [
      7,
      8,
      10,
      30,
      45
    ],
    [
      7,
      8,
      10,
      14,
      30
    ],
    [
      8,
      10,
      14,
      17,
      30
    ],
    [
      7,
      8,
      10,
      30,
      41
    ],
    [
      8,
      10,
      23,
      30,
      41
    ],
    [
      8,
      10,
      22,
      23,
      41
    ],
    [
      8,
      10,
      21,
      22,
      23
    ],
    [
      1,
      7,
      8,
      10,
      41
    ]
  ],
  "detector": {
    "mode": "MODE_B",
    "mode_scores": {
      "MODE_A": 0.9677463127688087,
      "MODE_B": 2.208058363002494,
      "MODE_C": 1.9211334094515071
    },
    "mode_weights": {
      "MODE_A": 4.558510222507569e-10,
      "MODE_B": 0.5653975164648087,
      "MODE_C": 0.4346024830793403
    },
    "confidence": 0.286924953550987,
    "winner_margin": 0.286924953550987,
    "cover_plan": [
      "topology_core",
      "topology_core",
      "triad_closure",
      "dense_bridge"
    ],
    "features": {
      "top_k": 20,
      "anchor_mass": 0.3234448023524017,
      "peak_ratio": 1.6585100327820346,
      "next_mean": 0.5435939902203513,
      "entropy_mean": 1.1020343280847904,
      "entropy_inverse": 0.47572962374554656,
      "density_mean": 0.9091666646301746,
      "coef_mean": 0.866,
      "component_1_size": 9,
      "component_2_size": 5,
      "component_balance": 0.5555555555555556,
      "cross_ratio": 0.35474066824724204,
      "dominant_groups_differ": true,
      "dominant_group_1": "stable.stable_strong",
      "dominant_group_2": "stable.stable_weak",
      "fresh_m": 1,
      "due_m": 2,
      "tail_w": 8,
      "hotlowp_w": 0,
      "split_hint_c": false,
      "strong_edge_thr": 0.5847114469188454
    },
    "guards": {
      "guard_A": false,
      "guard_B": false,
      "guard_C": false,
      "split_hint_C": false
    },
    "triggered_rule": "argmax_scores",
    "resolver_path": [
      "raw_scores",
      "resolver_argmax"
    ]
  },
  "profile_meta": {
    "quota": 9,
    "runtime_mode": "MODE_B",
    "skipped": false,
    "reason": null
  }
}