{
  "template_id": "H5_M0_C0",
  "stage": "self",
  "profile_id": "HARD_2M2W1S",
  "draw_id": 4121,
  "metrics_file": "rolling\\draw_metrics\\draw_metrics_4120.json",
  "runtime_mode": "MODE_B",
  "quota": 9,
  "cover_tickets": 0,
  "generated": 9,
  "tickets": [
    [
      6,
      13,
      15,
      36,
      38
    ],
    [
      6,
      15,
      29,
      32,
      36
    ],
    [
      15,
      23,
      29,
      32,
      36
    ],
    [
      15,
      29,
      32,
      36,
      42
    ],
    [
      1,
      15,
      29,
      32,
      36
    ],
    [
      6,
      31,
      32,
      36,
      39
    ],
    [
      22,
      29,
      31,
      36,
      37
    ],
    [
      23,
      36,
      37,
      39,
      42
    ],
    [
      23,
      36,
      37,
      38,
      39
    ]
  ],
  "detector": {
    "mode": "MODE_B",
    "mode_scores": {
      "MODE_A": 0.7532906228282286,
      "MODE_B": 2.5490768930918812,
      "MODE_C": 1.5280334160538194
    },
    "mode_weights": {
      "MODE_A": 3.8902497273285924e-10,
      "MODE_B": 0.6986057052123854,
      "MODE_C": 0.3013942943985896
    },
    "confidence": 1.0210434770380619,
    "winner_margin": 1.0210434770380619,
    "cover_plan": [
      "topology_core",
      "topology_core",
      "triad_closure",
      "dense_bridge"
    ],
    "features": {
      "top_k": 20,
      "anchor_mass": 0.27318525943710126,
      "peak_ratio": 1.400749359585272,
      "next_mean": 0.47186715470543045,
      "entropy_mean": 1.1729996765866089,
      "entropy_inverse": 0.4601933496698996,
      "density_mean": 0.9516666576266288,
      "coef_mean": 0.8915,
      "component_1_size": 14,
      "component_2_size": 2,
      "component_balance": 0.14285714285714285,
      "cross_ratio": 0.1181994677038455,
      "dominant_groups_differ": true,
      "dominant_group_1": "stable.stable_medium",
      "dominant_group_2": "stable.stable_weak",
      "fresh_m": 3,
      "due_m": 6,
      "tail_w": 6,
      "hotlowp_w": 1,
      "split_hint_c": false,
      "strong_edge_thr": 0.7034895876647169
    },
    "guards": {
      "guard_A": false,
      "guard_B": false,
      "guard_C": false,
      "split_hint_C": false
    },
    "triggered_rule": "argmax_scores",
    "resolver_path": [
      "raw_scores",
      "resolver_argmax"
    ]
  },
  "profile_meta": {
    "quota": 9,
    "runtime_mode": "MODE_B",
    "skipped": false,
    "reason": null
  }
}