{
  "template_id": "H5_M0_C0",
  "stage": "self",
  "profile_id": "HARD_2M2W1S",
  "draw_id": 4150,
  "metrics_file": "rolling\\draw_metrics\\draw_metrics_4149.json",
  "runtime_mode": "MODE_B",
  "quota": 9,
  "cover_tickets": 0,
  "generated": 9,
  "tickets": [
    [
      2,
      23,
      28,
      37,
      39
    ],
    [
      2,
      23,
      28,
      34,
      37
    ],
    [
      2,
      28,
      29,
      37,
      39
    ],
    [
      2,
      11,
      23,
      28,
      37
    ],
    [
      2,
      10,
      28,
      34,
      37
    ],
    [
      2,
      28,
      32,
      37,
      39
    ],
    [
      12,
      28,
      29,
      32,
      39
    ],
    [
      12,
      18,
      28,
      29,
      32
    ],
    [
      2,
      23,
      34,
      37,
      44
    ]
  ],
  "detector": {
    "mode": "MODE_B",
    "mode_scores": {
      "MODE_A": 0.6969568514175323,
      "MODE_B": 2.5133443167529097,
      "MODE_C": 0.910743382647955
    },
    "mode_weights": {
      "MODE_A": 4.925686173765762e-10,
      "MODE_B": 0.8946954629129592,
      "MODE_C": 0.10530453659447214
    },
    "confidence": 1.6026009341049547,
    "winner_margin": 1.6026009341049547,
    "cover_plan": [
      "topology_core",
      "topology_core",
      "triad_closure",
      "dense_bridge"
    ],
    "features": {
      "top_k": 20,
      "anchor_mass": 0.21933534043285086,
      "peak_ratio": 1.2537659002872086,
      "next_mean": 0.49850185104863964,
      "entropy_mean": 1.1451993317553888,
      "entropy_inverse": 0.46615714688933496,
      "density_mean": 0.9477777689695358,
      "coef_mean": 0.8765000000000001,
      "component_1_size": 14,
      "component_2_size": 1,
      "component_balance": 0.07142857142857142,
      "cross_ratio": 0.15507432945092722,
      "dominant_groups_differ": false,
      "dominant_group_1": "stable.stable_medium",
      "dominant_group_2": "stable.stable_medium",
      "fresh_m": 2,
      "due_m": 3,
      "tail_w": 9,
      "hotlowp_w": 2,
      "split_hint_c": false,
      "strong_edge_thr": 0.8135003734338959
    },
    "guards": {
      "guard_A": false,
      "guard_B": false,
      "guard_C": false,
      "split_hint_C": false
    },
    "triggered_rule": "argmax_scores",
    "resolver_path": [
      "raw_scores",
      "resolver_argmax"
    ]
  },
  "profile_meta": {
    "quota": 9,
    "runtime_mode": "MODE_B",
    "skipped": false,
    "reason": null
  }
}